"Name","Rating","Rarity","Preferred Position","Nation","League","Team","Price Limits","Last Sale Price","Discard Value","Contract","Untradeable","Loans","DefinitionId","IsDuplicate","IsInActive11","Alternate Positions","ExternalPrice"
"van Dijk","96","Team of the Year","CB","Netherlands","Premier League","Liverpool","Min:1364000 Max:15000000","0","0","7","true","true","117643888","false","false","CB","-- NA --"
"Vieira","93","TOTY ICON","CM","France","Icons","ICON","Min:600000 Max:11400000","0","0","7","true","true","50570075","false","false","CDM,CM","-- NA --"
"Haaland","91","Rare","ST","Norway","Premier League","Manchester City","Min:10500 Max:95000","0","0","99","true","true","239085","false","false","CF,ST","51500"
"Shearer","91","Winter Wildcards ICON","CAM","England","Icons","ICON","Min:11750 Max:220000","0","0","2","true","true","50331699","false","false","RM,LM,CAM","145000"
"Rúben Dias","90","Trailblazers","CB","Portugal","Premier League","Manchester City","Min:11250 Max:210000","0","0","7","true","true","50571466","false","false","CB","128000"
"Rodri","89","Rare","CDM","Spain","Premier League","Manchester City","Min:9100 Max:50000","0","0","7","true","false","231866","false","false","CDM,CM","29250"
"Bernardo Silva","88","Rare","CM","Portugal","Premier League","Manchester City","Min:6100 Max:35000","0","625","7","false","false","218667","false","false","CM,RW","18500"
"Bruno Fernandes","88","Rare","CAM","Portugal","Premier League","Manchester Utd","Min:6100 Max:35000","0","0","7","true","false","212198","false","false","CM,CAM","20500"
"Kewell","87","UT Heroes","LW","Australia","Premier League","HERO","Min:10750 Max:45000","0","0","24","true","true","266801","false","false","LM,CAM,LW","28500"
"Makélélé","87","Icon","CDM","France","Icons","ICON","Min:65500 Max:170000","0","0","24","true","true","1668","false","false","CDM,RM,CM","113000"
"Huth","87","UWCL Road to the Knockouts","RM","Germany","GPFBL","VfL Wolfsburg","Min:10750 Max:60000","0","0","14","true","true","50558985","false","false","RM,CAM,RW","20000"
"Son","87","Rare","LW","Korea Republic","Premier League","Spurs","Min:5100 Max:25000","0","0","99","true","true","200104","false","false","LM,LW","15500"
"Mead","87","Rare","RW","England","Barclays WSL","Arsenal","Min:5100 Max:25000","0","618","7","false","false","245802","false","false","RM,RW,LW","14750"
"Miedema","86","Rare","ST","Netherlands","Barclays WSL","Arsenal","--NA--","0","0","7","true","true","233746","false","true","CAM,CF,ST","12250"
"Kuyt","86","UT Heroes","CAM","Netherlands","Eredivisie","HERO","Min:10500 Max:30000","0","0","7","true","true","15723","false","false","CM,CAM","13500"
"Dembélé","86","UEFA EURO 2024 Player","RW","France","Ligue 1 Uber Eats","Paris SG","Min:10500 Max:300000","0","0","7","true","false","84117523","false","false","RM,RW,LW","230000"
"Ferran Torres","86","Team of the Week","LW","Spain","LALIGA EA SPORTS","FC Barcelona","Min:10500 Max:45000","0","0","7","true","false","50573109","false","false","LM,RW,ST,LW","25750"
"Hemp","86","Rare","LW","England","Barclays WSL","Manchester City","Min:3600 Max:21000","0","0","7","true","false","257008","false","false","LM,LW","12250"
"Laporte","85","Rare","CB","Spain","ROSHN Saudi League","Al Nassr","Min:2100 Max:10000","0","0","7","true","false","212218","false","false","CB","6000"
"Stones","85","Rare","CB","England","Premier League","Manchester City","Min:2100 Max:10000","0","0","7","true","false","203574","false","false","RB,CB","6200"
"Shaw","85","Rare","ST","Jamaica","Barclays WSL","Manchester City","Min:2100 Max:10000","0","0","7","true","false","246219","false","false","CF,ST","6000"
"Daly","85","Rare","ST","England","Barclays WSL","Aston Villa","Min:2100 Max:10000","0","0","7","true","false","235657","false","false","LB,CF,ST","5900"
"Olise","84","Team of the Week","RW","France","Premier League","Crystal Palace","Min:10250 Max:42500","0","10248","7","false","false","50579475","false","false","RM,RW","22500"
"Lobotka","84","Rare","CM","Slovakia","Serie A TIM","Napoli FC","Min:1100 Max:10000","0","0","7","true","false","216435","false","false","CDM,CM","2500"
"Botman","83","Rare","CB","Netherlands","Premier League","Newcastle Utd","Min:850 Max:10000","0","589","7","false","false","251809","false","false","CB","900"
"O'Hara","83","Rare","RB","United States","NWSL","NJ/NY Gotham","Min:850 Max:10000","0","589","7","false","false","226318","false","false","RWB,RB,LB","900"
"Oyarzabal","83","Rare","LM","Spain","LALIGA EA SPORTS","Real Sociedad","Min:850 Max:10000","0","589","7","false","false","230142","false","false","RM,LM,LW","900"
"Pavard","83","Rare","CB","France","Serie A TIM","Inter","Min:850 Max:10000","0","0","7","true","false","50558499","false","false","RB,CB","900"
"Franch","83","Rare","GK","United States","NWSL","KC Current","Min:850 Max:10000","0","0","7","true","false","232077","false","false","GK","900"
"Schick","83","Rare","ST","Czech Republic","Bundesliga","Leverkusen","Min:850 Max:10000","0","0","7","true","false","234236","false","false","CF,ST","900"
"Bacuna","83","Team of the Week","LM","Netherlands Antilles","EFL Championship","Birmingham City","Min:10250 Max:42500","0","0","7","true","false","50558325","false","false","CDM,CM,LM,LW","21000"
"Gakpo","83","Rare","CF","Netherlands","Premier League","Liverpool","Min:850 Max:10000","0","0","7","true","false","242516","false","false","CF,ST,LW","2900"
"Romagnoli","83","Rare","CB","Italy","Serie A TIM","Latium","Min:850 Max:10000","0","0","7","true","false","210413","false","false","CB","900"
"Orban","83","Rare","CB","Hungary","Bundesliga","RB Leipzig","Min:850 Max:10000","0","0","7","true","false","204638","false","false","CB","900"
"Marco Asensio","83","Rare","RW","Spain","Ligue 1 Uber Eats","Paris SG","Min:850 Max:10000","0","0","7","true","false","220834","false","false","RM,RW","900"
"Schmidt","83","Rare","CM","Canada","NWSL","Houston Dash","Min:850 Max:10000","0","0","7","true","false","227405","false","false","CDM,CM","900"
"Christensen","83","Rare","CB","Denmark","LALIGA EA SPORTS","FC Barcelona","Min:850 Max:10000","0","0","7","true","false","213661","false","false","CB","900"
"Shaw","83","Rare","LB","England","Premier League","Manchester Utd","Min:850 Max:10000","0","0","7","true","false","205988","false","false","CB,LB,LWB","900"
"Freigang","83","Rare","CAM","Germany","GPFBL","Frankfurt","Min:850 Max:10000","0","0","7","true","false","261773","false","false","CAM,ST","900"
"Borja Iglesias","83","Rare","ST","Spain","LALIGA EA SPORTS","Real Betis","Min:850 Max:10000","0","0","7","true","false","224179","false","false","CF,ST","900"
"Di María","83","Rare","CF","Argentina","Liga Portugal","SL Benfica","Min:850 Max:10000","0","0","7","true","false","183898","false","false","RM,CF,RW,ST","900"
"Sellner","83","Rare","LM","Germany","GPFBL","VfL Wolfsburg","Min:850 Max:10000","0","0","7","true","false","262058","false","false","LM,LW","900"
"Galton","83","Rare","LM","England","Barclays WSL","Manchester Utd","Min:850 Max:10000","0","0","7","true","false","265275","false","false","LM,CAM,LW","900"
"Tsygankov","82","Rare","RM","Ukraine","LALIGA EA SPORTS","Girona FC","Min:700 Max:10000","0","582","7","false","false","244369","false","false","RM,CM,CAM,RW","750"
"Dali","82","Rare","CM","France","Barclays WSL","Aston Villa","Min:700 Max:10000","0","582","7","false","false","227353","false","false","CM,CAM","750"
"Fernando","82","Rare","CDM","Brazil","LALIGA EA SPORTS","Sevilla FC","Min:700 Max:10000","0","0","7","true","false","184134","false","false","CB,CDM","9500"
"Mario Hermoso","82","Rare","CB","Spain","LALIGA EA SPORTS","Atlético de Madrid","Min:700 Max:10000","0","0","7","true","false","229668","false","false","CB","750"
"João Mário","82","Rare","RM","Portugal","Liga Portugal","SL Benfica","Min:700 Max:10000","0","0","7","true","false","212814","false","false","RM,CM,LM,RW","750"
"Diogo Costa","82","Rare","GK","Portugal","Liga Portugal","FC Porto","Min:700 Max:10000","0","0","7","true","false","234577","false","false","GK","750"
"Simon","82","Rare","LB","Germany","GPFBL","FC Bayern München","Min:700 Max:10000","0","0","7","true","false","239344","false","false","LB,LWB,LM","750"
"Krieger","82","Rare","CB","United States","NWSL","NJ/NY Gotham","Min:700 Max:10000","0","0","7","true","false","226325","false","false","CB","3200"
"Götze","82","Rare","CAM","Germany","Bundesliga","Frankfurt","Min:700 Max:10000","0","0","7","true","false","192318","false","false","LM,CAM,CF","750"
"Mazraoui","82","Rare","RB","Morocco","Bundesliga","FC Bayern München","Min:700 Max:10000","0","0","7","true","false","236401","false","false","RWB,RB","750"
"Paula Fernández","82","Rare","CM","Spain","Liga F","Levante UD","Min:700 Max:10000","0","0","7","true","false","272007","false","false","CM,CAM","750"
"Gréboval","82","Rare","CB","France","D1 Arkema","Paris FC","Min:700 Max:10000","0","0","7","true","false","241546","false","false","CB","750"
"Akanji","82","Rare","CB","Switzerland","Premier League","Manchester City","Min:700 Max:10000","0","0","7","true","false","229237","false","false","CB","750"
"Billa","82","Rare","ST","Austria","GPFBL","TSG Hoffenheim","Min:700 Max:10000","0","0","7","true","false","265001","false","false","CF,ST","750"
"Crnogorčević","82","Rare","RW","Switzerland","Liga F","Atlético de Madrid","Min:700 Max:10000","0","0","7","true","false","50600588","false","false","LB,RM,RW","750"
"Maanum","82","Rare","CM","Norway","Barclays WSL","Arsenal","Min:700 Max:10000","0","0","7","true","false","239761","false","false","CDM,CM,CAM","750"
"David García","82","Common","CB","Spain","LALIGA EA SPORTS","CA Osasuna","Min:350 Max:10000","0","0","7","true","false","225341","false","false","CB","700"
"Roberto Firmino","82","Rare","CF","Brazil","ROSHN Saudi League","Al Ahli","Min:700 Max:10000","0","0","7","true","false","201942","false","false","CF,ST","750"
"En-Nesyri","82","Rare","ST","Morocco","LALIGA EA SPORTS","Sevilla FC","Min:700 Max:10000","0","0","7","true","false","235410","false","false","CF,ST","750"
"Geertruida","82","In-Progress Future Stars Evolution","RB","Netherlands","Eredivisie","Feyenoord","Min:10000 Max:100000","0","0","7","true","false","50572835","false","false","RWB,RB,CB,CDM","0"
"Sergio Gómez","82","In-Progress Future Stars Evolution","LB","Spain","Premier League","Manchester City","Min:1000 Max:10000","0","0","7","true","false","50573459","false","false","LB,LWB,CDM","0"
"Beyer","82","In-Progress Future Stars Evolution","CB","Germany","Premier League","Burnley","Min:1000 Max:10000","0","0","7","true","false","50574308","false","false","CB","0"
"Tolkin","82","In-Progress Future Stars Evolution","LB","United States","MLS","Red Bulls","Min:1000 Max:10000","0","0","7","true","false","50583482","false","false","LB,LWB,CDM","0"
"Theate","82","In-Progress Future Stars Evolution","CB","Belgium","Ligue 1 Uber Eats","Stade Rennais FC","Min:1000 Max:10000","0","0","7","true","false","50588926","false","false","CB","0"
"Parisi","82","In-Progress Future Stars Evolution","LB","Italy","Serie A TIM","Fiorentina","Min:1000 Max:10000","0","0","7","true","false","50590624","false","false","LB,LWB","0"
"Assignon","82","In-Progress Future Stars Evolution","RB","France","Premier League","Burnley","Min:1000 Max:10000","0","0","7","true","false","50592222","false","false","RWB,RB","0"
"Svava","82","In-Progress Future Stars Evolution","LB","Denmark","Liga F","Real Madrid CF","Min:1000 Max:10000","0","0","7","true","false","50596628","false","false","LB,LWB","0"
"Eric García","82","In-Progress Future Stars Evolution","CB","Spain","LALIGA EA SPORTS","Girona FC","Min:1000 Max:10000","0","0","7","true","false","67353901","false","false","CB,CDM","0"
"Kossounou","82","In-Progress Future Stars Evolution","CB","Ivory Coast","Bundesliga","Leverkusen","Min:1000 Max:10000","0","0","7","true","false","67355739","false","false","RWB,CB","0"
"Wilms","82","In-Progress Future Stars Evolution","RB","Netherlands","GPFBL","VfL Wolfsburg","Min:1000 Max:10000","0","0","7","true","false","67362281","false","false","RWB,RB","0"
"Ferreira","82","In-Progress Future Stars Evolution","ST","United States","MLS","FC Dallas","Min:1000 Max:10000","0","0","7","true","false","50573135","false","false","CAM,CF,ST","0"
"Okafor","82","In-Progress Future Stars Evolution","ST","Switzerland","Serie A TIM","Milan","Min:1000 Max:10000","0","0","7","true","false","50574178","false","false","CAM,CF,ST","0"
"Torres","82","In-Progress Future Stars Evolution","RM","Uruguay","MLS","Orlando City","Min:1000 Max:10000","0","0","7","true","false","50587784","false","false","RM,LM,RW","0"
"Rodri","82","In-Progress Future Stars Evolution","LW","Spain","LALIGA EA SPORTS","Real Betis","Min:1000 Max:10000","0","0","7","true","false","50591329","false","false","RM,LM,CAM,LW","0"
"Dina Ebimbe","82","In-Progress Future Stars Evolution","RM","France","Bundesliga","Frankfurt","Min:1000 Max:10000","0","0","7","true","false","67357437","false","false","RWB,RM,CM,RW","0"
"Athenea","82","In-Progress Future Stars Evolution","RW","Spain","Liga F","Real Madrid CF","Min:1000 Max:10000","0","0","7","true","false","67368236","false","false","RM,RW,LW","0"
"Bryan","82","In-Progress Future Stars Evolution","LW","Spain","Bundesliga","FC Bayern München","Min:1000 Max:10000","0","0","7","true","false","67380780","false","false","RM,LM,CAM,LW","0"
"Brobbey","82","In-Progress Future Stars Evolution","ST","Netherlands","Eredivisie","Ajax","Min:1000 Max:10000","0","0","7","true","false","100915106","false","false","CF,ST","0"
"Malard","82","In-Progress Future Stars Evolution","LW","France","Barclays WSL","Manchester Utd","Min:1000 Max:10000","0","0","7","true","false","100922002","false","false","LM,ST,LW","0"
"Skipp","82","In-Progress Future Stars Evolution","CDM","England","Premier League","Spurs","Min:1000 Max:10000","0","0","7","true","false","50572690","false","false","CDM,CM","0"
"Adli","82","In-Progress Future Stars Evolution","CAM","France","Serie A TIM","Milan","Min:1000 Max:10000","0","0","7","true","false","50575275","false","false","CM,CAM","0"
"Steijn","82","In-Progress Future Stars Evolution","CAM","Netherlands","Eredivisie","FC Twente","Min:1000 Max:10000","0","0","7","true","false","50576376","false","false","CM,CAM","0"
"Almada","82","In-Progress Future Stars Evolution","CAM","Argentina","MLS","Atlanta United","Min:1000 Max:10000","0","0","7","true","false","50577019","false","false","CM,CAM,CF","0"
"Lohmann","82","In-Progress Future Stars Evolution","CAM","Germany","GPFBL","FC Bayern München","Min:1000 Max:10000","0","0","7","true","false","50579439","false","false","RM,CAM","0"
"Ugarte","82","In-Progress Future Stars Evolution","CDM","Uruguay","Ligue 1 Uber Eats","Paris SG","Min:1000 Max:10000","0","0","7","true","false","50584954","false","false","CDM,CM","0"
"Ounahi","82","In-Progress Future Stars Evolution","CM","Morocco","Ligue 1 Uber Eats","OM","Min:1000 Max:10000","0","0","7","true","false","50586773","false","false","CM","0"
"Ilić","82","In-Progress Future Stars Evolution","CM","Serbia","Serie A TIM","Torino","Min:1000 Max:10000","0","0","7","true","false","50590331","false","false","CM,CF","0"
"Mariana Cerro","82","In-Progress Future Stars Evolution","CDM","Spain","Liga F","Athletic Club","Min:1000 Max:10000","0","0","7","true","false","50603779","false","false","CDM,CM","0"
"Saibari","82","In-Progress Future Stars Evolution","CM","Morocco","Eredivisie","PSV","Min:1000 Max:10000","0","0","7","true","false","67368344","false","false","CM,CAM","0"
"Berghuis","81","Rare","CAM","Netherlands","Eredivisie","Ajax","Min:650 Max:10000","0","575","7","false","false","200260","false","false","CM,CAM,RW","700"
"Diego Carlos","81","Rare","CB","Brazil","Premier League","Aston Villa","Min:650 Max:10000","0","575","7","false","false","219693","false","false","CB","700"
"Malcom","81","Rare","RM","Brazil","ROSHN Saudi League","Al Hilal","Min:650 Max:10000","0","0","7","true","false","222737","false","false","RM,RW","700"
"Mário Rui","81","Rare","LB","Portugal","Serie A TIM","Napoli FC","Min:650 Max:10000","0","0","7","true","false","204614","false","false","LB,LWB","700"
"Leno","81","Rare","GK","Germany","Premier League","Fulham","Min:650 Max:10000","0","0","7","true","false","192563","false","false","GK","700"
"Zapata","81","Rare","ST","Colombia","Serie A TIM","Torino","Min:650 Max:10000","0","0","7","true","false","50546981","false","false","CF,ST","700"
"Lucas Vázquez","81","Rare","RB","Spain","LALIGA EA SPORTS","Real Madrid","Min:650 Max:10000","0","0","7","true","false","208618","false","false","RWB,RB,RW","700"
"Calabria","81","Rare","RB","Italy","Serie A TIM","Milan","Min:650 Max:10000","0","0","7","true","false","228881","false","false","RWB,RB","700"
"David","81","Rare","ST","Canada","Ligue 1 Uber Eats","LOSC Lille","Min:650 Max:10000","0","0","7","true","false","243630","false","false","CF,ST","700"
"Insigne","81","Rare","LW","Italy","MLS","Toronto FC","Min:650 Max:10000","0","0","7","true","false","198219","false","false","LM,CF,LW","700"
"Chawinga","81","Rare","ST","Malawi","D1 Arkema","Paris SG","Min:650 Max:10000","0","0","7","true","false","278219","false","false","CF,ST","700"
"Danilo","81","Rare","CB","Brazil","Serie A TIM","Juventus","Min:650 Max:10000","0","0","7","true","false","199304","false","false","RB,CB","700"
"Kramarić","81","Rare","CF","Croatia","Bundesliga","TSG Hoffenheim","Min:650 Max:10000","0","0","7","true","false","216354","false","false","CM,CAM,CF,ST","700"
"Schlager","81","Rare","CDM","Austria","Bundesliga","RB Leipzig","Min:650 Max:10000","0","0","7","true","false","233195","false","false","CDM,CM","700"
"Mertens","81","Rare","CF","Belgium","Trendyol Süper Lig","Galatasaray","Min:650 Max:10000","0","0","7","true","false","175943","false","false","CAM,CF,ST","700"
"Ugarte","81","Rare","CDM","Uruguay","Ligue 1 Uber Eats","Paris SG","Min:650 Max:10000","0","0","7","true","false","253306","false","false","CDM,CM","700"
"Milazzo","81","Rare","CB","United States","NWSL","Chicago Red Stars","Min:650 Max:10000","0","0","7","true","false","267272","false","false","RB,CB","700"
"Fred","81","Rare","CM","Brazil","Trendyol Süper Lig","Fenerbahçe","Min:650 Max:10000","0","0","7","true","false","209297","false","false","CDM,CM","700"
"Almirón","81","Rare","RW","Paraguay","Premier League","Newcastle Utd","Min:650 Max:10000","0","0","7","true","false","230977","false","false","RM,RW","700"
"Brais Méndez","81","Rare","CM","Spain","LALIGA EA SPORTS","Real Sociedad","Min:650 Max:10000","0","0","7","true","false","235944","false","false","CM","700"
"Politano","81","Rare","RW","Italy","Serie A TIM","Napoli FC","Min:650 Max:10000","0","0","7","true","false","216409","false","false","RM,RW","700"
"Lo Celso","81","Rare","CAM","Argentina","Premier League","Spurs","Min:650 Max:10000","0","0","7","true","false","226226","false","false","CAM,ST","700"
"Gonçalo Ramos","80","Rare","ST","Portugal","Ligue 1 Uber Eats","Paris SG","Min:650 Max:10000","0","0","7","true","false","256903","false","false","CF,ST","700"
"Antônia Silva","80","Rare","RB","Brazil","Liga F","Levante UD","Min:650 Max:10000","0","0","7","true","false","272009","false","false","RWB,RB","700"
"Kamara","80","Rare","CDM","France","Premier League","Aston Villa","Min:650 Max:10000","0","0","7","true","false","236987","false","false","CDM,CM","700"
"Brahim","80","Rare","CAM","Spain","LALIGA EA SPORTS","Real Madrid","Min:650 Max:10000","0","0","7","true","false","231410","false","false","CAM,CF,RW","700"
"Saúl","80","Rare","CM","Spain","LALIGA EA SPORTS","Atlético de Madrid","Min:650 Max:10000","0","0","7","true","false","208421","false","false","LWB,CM,LM","700"
"Anyomi","80","Rare","ST","Germany","GPFBL","Frankfurt","Min:650 Max:10000","0","0","7","true","false","264947","false","false","CF,RW,ST","700"
"Rafael Tolói","80","Rare","CB","Italy","Serie A TIM","Bergamo Calcio","Min:650 Max:10000","0","0","7","true","false","187598","false","false","CB","700"
"Mewis","80","Rare","CM","United States","NWSL","KC Current","Min:650 Max:10000","0","0","7","true","false","226338","false","false","CM,CAM","900"
"Toletti","80","Rare","CM","France","Liga F","Real Madrid CF","Min:650 Max:10000","0","0","7","true","false","227344","false","false","CDM,CM","700"
"Lamela","80","Rare","RW","Argentina","LALIGA EA SPORTS","Sevilla FC","Min:650 Max:10000","0","0","7","true","false","170368","false","false","RM,CAM,RW","700"
"Endo","80","Rare","CM","Japan","Premier League","Liverpool","Min:650 Max:10000","0","0","7","true","false","232487","false","false","CDM,CM","700"
"Bensebaini","80","Rare","LB","Algeria","Bundesliga","Borussia Dortmund","Min:650 Max:10000","0","0","7","true","false","224196","false","false","CB,LB,LWB","700"
"Traoré","80","Rare","RB","Mali","LALIGA EA SPORTS","Real Sociedad","Min:650 Max:10000","0","0","7","true","false","219789","false","false","RWB,RB","700"
"Mignolet","80","Rare","GK","Belgium","1A Pro League","Club Brugge","Min:650 Max:10000","0","0","7","true","false","173426","false","false","GK","700"
"Mamardashvili","80","Rare","GK","Georgia","LALIGA EA SPORTS","Valencia CF","Min:650 Max:10000","0","0","7","true","false","262621","false","false","GK","700"
"Mbemba","80","Rare","CB","DR Congo","Ligue 1 Uber Eats","OM","Min:650 Max:10000","0","0","7","true","false","210897","false","false","CB","700"
"Charles","80","Common","RB","England","Barclays WSL","Chelsea","Min:350 Max:10000","0","0","7","true","false","263007","false","false","RWB,RB,RW,LW","900"
"André Silva","80","Rare","ST","Portugal","LALIGA EA SPORTS","Real Sociedad","Min:650 Max:10000","0","0","7","true","false","228941","false","false","CF,ST","700"
"Mukhtar","80","Rare","CF","Germany","MLS","Nashville SC","Min:650 Max:10000","0","0","7","true","false","210021","false","false","CAM,CF,ST","700"
"Raspadori","79","Rare","CF","Italy","Serie A TIM","Napoli FC","Min:650 Max:10000","0","561","7","false","false","253002","false","false","CF,ST,LW","700"
"Dunst","79","Common","CM","Austria","GPFBL","Frankfurt","Min:350 Max:10000","0","280","7","false","false","264933","false","false","CM,LM","700"
"Klostermann","79","Rare","CB","Germany","Bundesliga","RB Leipzig","Min:650 Max:10000","0","0","7","true","false","222331","false","false","RB,CB","700"
"Trauner","79","Rare","CB","Austria","Eredivisie","Feyenoord","Min:650 Max:10000","0","0","7","true","false","199813","false","false","CB","700"
"Mewis","79","Rare","CM","United States","NWSL","NJ/NY Gotham","Min:650 Max:10000","0","0","7","true","false","226351","false","false","CM","1900"
"Kathellen Sousa","79","Rare","CB","Brazil","Liga F","Real Madrid CF","Min:650 Max:10000","0","0","7","true","false","248800","false","false","CB","700"
"Bah","79","Rare","RB","Denmark","Liga Portugal","SL Benfica","Min:650 Max:10000","0","0","7","true","false","245235","false","false","RWB,RB","700"
"McTominay","79","Common","CDM","Scotland","Premier League","Manchester Utd","Min:350 Max:10000","0","0","7","true","false","237238","false","false","CDM,CM","650"
"Delaney","79","Rare","CDM","Denmark","1A Pro League","RSC Anderlecht","Min:650 Max:10000","0","0","7","true","false","193283","false","false","CDM,CM","700"
"Cinta Rodríguez","79","Rare","CB","Spain","Liga F","Atlético de Madrid","Min:650 Max:10000","0","0","7","true","false","272113","false","false","CB","700"
"Aidoo","79","Rare","CB","Ghana","LALIGA EA SPORTS","RC Celta","Min:650 Max:10000","0","0","7","true","false","230021","false","false","CB","700"
"McGregor","79","Rare","CDM","Scotland","cinch Prem","Celtic","Min:650 Max:10000","0","0","7","true","false","211093","false","false","CDM,CM","700"
"Digne","79","Common","LB","France","Premier League","Aston Villa","Min:350 Max:10000","0","0","7","true","false","200458","false","false","LB,LWB","800"
"Mitrović","79","Rare","ST","Serbia","ROSHN Saudi League","Al Hilal","Min:650 Max:10000","0","0","7","true","false","215716","false","false","CF,ST","700"
"Maritz","79","Common","RB","Switzerland","Barclays WSL","Aston Villa","Min:300 Max:5000","0","0","7","true","false","50596891","false","false","RWB,RB,LB","750"
"Montiel","79","Rare","RB","Argentina","Premier League","Nott'm Forest","Min:650 Max:10000","0","0","7","true","false","231340","false","false","RWB,RB","700"
"María Valenzuela","79","Common","GK","Spain","Liga F","Levante UD","Min:350 Max:10000","0","0","7","true","false","272021","false","false","GK","1100"
"Simons","79","Rare","CAM","Netherlands","Bundesliga","RB Leipzig","Min:650 Max:10000","0","0","7","true","false","245367","false","false","CAM,RW,LW","700"
"Guéhi","78","Common","CB","England","Premier League","Crystal Palace","--NA--","0","0","45","true","false","241159","false","true","CB","650"
"Camara","78","Rare","CDM","Mali","Ligue 1 Uber Eats","AS Monaco","Min:650 Max:10000","0","554","7","false","false","246764","false","false","CDM,CM","700"
"Salma Paralluelo","78","Rare","LW","Spain","Liga F","FC Barcelona","Min:650 Max:10000","0","554","7","false","false","269404","false","false","LM,RW,LW","750"
"Galeno","78","Rare","LM","Brazil","Liga Portugal","FC Porto","Min:650 Max:10000","0","554","7","false","false","239482","false","false","LM,LW","700"
"Cuéllar","78","Rare","CDM","Colombia","ROSHN Saudi League","Al Shabab","Min:650 Max:10000","0","554","7","false","false","214009","false","false","CDM","700"
"Pessina","78","Common","CAM","Italy","Serie A TIM","Monza","Min:350 Max:10000","0","277","7","false","false","239613","false","false","CM,CAM,CF","700"
"Tufeković","78","Common","GK","Germany","GPFBL","TSG Hoffenheim","Min:350 Max:10000","0","0","7","true","false","264999","false","false","GK","650"
"Bouanga","78","Rare","LW","Gabon","MLS","LAFC","Min:650 Max:10000","0","0","7","true","false","225951","false","false","LM,ST,LW","700"
"Trésor","78","Rare","LM","Belgium","Premier League","Burnley","Min:650 Max:10000","0","0","7","true","false","50584798","false","false","LM,CAM,LW","700"
"Sow","78","Rare","CM","Switzerland","LALIGA EA SPORTS","Sevilla FC","Min:650 Max:10000","0","0","7","true","false","229752","false","false","CDM,CM","700"
"Becker","78","Rare","ST","Suriname","Bundesliga","Union Berlin","Min:650 Max:10000","0","0","7","true","false","223790","false","false","RM,CF,ST","700"
"Ndicka","78","Rare","CB","Ivory Coast","Serie A TIM","Roma FC","Min:650 Max:10000","0","0","7","true","false","50568051","false","false","CB","700"
"Malacia","78","Rare","LB","Netherlands","Premier League","Manchester Utd","Min:650 Max:10000","0","0","7","true","false","238041","false","false","LB,LWB","700"
"Igor Coronado","78","Rare","CAM","Brazil","ROSHN Saudi League","Al Ittihad","Min:650 Max:10000","0","0","7","true","false","202599","false","false","CM,LM,CAM","700"
"Castrovilli","78","Common","CM","Italy","Serie A TIM","Fiorentina","Min:350 Max:10000","0","0","7","true","false","225014","false","false","CM","700"
"Olivera","78","Common","LB","Uruguay","Serie A TIM","Napoli FC","Min:350 Max:10000","0","0","7","true","false","240716","false","false","LB,LWB","700"
"Adams","78","Rare","CDM","United States","Premier League","AFC Bournemouth","Min:650 Max:10000","0","0","7","true","false","232999","false","false","CDM,CM","700"
"Gedson Fernandes","78","Rare","CM","Portugal","Trendyol Süper Lig","Beşiktaş","Min:650 Max:10000","0","0","7","true","false","234568","false","false","CDM,CM,CAM","700"
"Reijnders","78","Rare","CM","Netherlands","Serie A TIM","Milan","Min:650 Max:10000","0","0","7","true","false","240638","false","false","CM","700"
"Hanson","78","Rare","LM","Scotland","Barclays WSL","Aston Villa","Min:650 Max:10000","0","0","7","true","false","265274","false","false","RM,LM,CAM,LW","700"
"Willock","78","Rare","CM","England","Premier League","Newcastle Utd","Min:650 Max:10000","0","0","7","true","false","237329","false","false","CM","700"
"Stepanenko","78","Common","CDM","Ukraine","Ukrayina Liha","Shakhtar Donetsk","Min:350 Max:10000","0","0","7","true","false","206413","false","false","CDM","650"
"Gabri Veiga","78","Common","CM","Spain","ROSHN Saudi League","Al Ahli","Min:350 Max:10000","0","0","7","true","false","258729","false","false","CM,CAM","750"
"Stuani","77","Common","ST","Uruguay","LALIGA EA SPORTS","Girona FC","Min:350 Max:10000","0","273","7","false","false","186537","false","false","CF,ST","650"
"Blind","77","Common","CB","Netherlands","LALIGA EA SPORTS","Girona FC","Min:350 Max:10000","0","273","7","false","false","190815","false","false","CB,LB","10000"
"Pérez","77","CONMEBOL Libertadores","CDM","Argentina","Libertadores","River Plate","Min:650 Max:10000","0","0","7","true","false","196432","false","false","CDM,CM","9900"
"Kohr","77","Rare","CDM","Germany","Bundesliga","1. FSV Mainz 05","Min:650 Max:10000","0","0","7","true","false","212212","false","false","CDM,CM","700"
"Udogie","77","Rare","LB","Italy","Premier League","Spurs","Min:650 Max:10000","0","0","7","true","false","259583","false","false","LB,LWB,LM","700"
"Bühler","77","Rare","CB","Switzerland","Barclays WSL","Spurs","Min:650 Max:10000","0","0","7","true","false","264998","false","false","CB","700"
"Mæhle","77","Common","LWB","Denmark","Bundesliga","VfL Wolfsburg","Min:350 Max:10000","0","0","7","true","false","234678","false","false","LB,LWB,RM,LM","700"
"Stanciu","77","Rare","CM","Romania","ROSHN Saudi League","Damac FC","Min:650 Max:10000","0","0","7","true","false","50543855","false","false","CM,CAM","700"
"Hübers","77","Rare","CB","Germany","Bundesliga","1. FC Köln","Min:650 Max:10000","0","0","7","true","false","234727","false","false","CB","700"
"Brian Oliván","77","Common","LB","Spain","LALIGA HYPERMOTION","RCD Espanyol","Min:350 Max:10000","0","0","7","true","false","228326","false","false","LB,LWB","1500"
"Charley","77","Common","ST","United States","NWSL","Angel City FC","Min:350 Max:10000","0","0","7","true","false","267365","false","false","RM,CF,ST","1300"
"Quintero","77","Rare","CAM","Colombia","Libertadores","Racing Club","Min:650 Max:10000","0","0","7","true","false","210513","false","false","CAM,RW","2000"
"Ighalo","77","Common","ST","Nigeria","ROSHN Saudi League","Al Wehda","Min:350 Max:10000","0","0","7","true","false","185195","false","false","CF,ST","650"
"Welbeck","76","Common","ST","England","Premier League","Brighton","--NA--","0","0","45","true","false","186146","false","true","CF,ST","650"
"Carter-Vickers","76","Rare","CB","United States","cinch Prem","Celtic","Min:650 Max:10000","0","540","7","false","false","228174","false","false","CB","700"
"Díaz","76","CONMEBOL Libertadores","CB","Chile","Libertadores","River Plate","Min:650 Max:10000","0","0","7","true","false","214436","false","false","CB","700"
"Anita Marcos","76","Rare","ST","Spain","Liga F","Valencia CF","Min:650 Max:10000","0","0","7","true","false","272101","false","false","CF,ST,LW","700"
"Faravelli","76","CONMEBOL Libertadores","CM","Argentina","Libertadores","IDV","Min:650 Max:10000","0","0","7","true","false","215076","false","false","CDM,CM","4900"
"Johnson","76","Common","RW","Wales","Premier League","Spurs","Min:350 Max:10000","0","0","7","true","false","50583069","false","false","RM,RW,ST","650"
"Nacho Vidal","76","Common","RB","Spain","LALIGA EA SPORTS","CA Osasuna","Min:350 Max:10000","0","0","7","true","false","238305","false","false","RWB,RB","700"
"Jensen","76","Common","CM","Denmark","Premier League","Brentford","Min:350 Max:10000","0","0","7","true","false","229723","false","false","CM","650"
"Damsgaard","76","Common","CAM","Denmark","Premier League","Brentford","Min:350 Max:10000","0","0","7","true","false","241508","false","false","CM,CAM,LW","650"
"Ćaleta-Car","76","Common","CB","Croatia","Ligue 1 Uber Eats","OL","Min:350 Max:10000","0","0","7","true","false","225263","false","false","CB","700"
"Rits","76","Rare","CM","Belgium","1A Pro League","RSC Anderlecht","Min:650 Max:10000","0","0","7","true","false","191627","false","false","CM","700"
"Ivanušec","76","Common","CAM","Croatia","Eredivisie","Feyenoord","Min:350 Max:10000","0","0","7","true","false","252931","false","false","CM,CAM,LW","700"
"Cornet","76","Common","LM","Ivory Coast","Premier League","West Ham","Min:700 Max:13000","0","0","7","true","false","215798","false","false","LM,CF,LW","750"
"Ogbonna","76","Common","CB","Italy","Premier League","West Ham","Min:350 Max:10000","0","0","7","true","false","183855","false","false","CB","800"
"Shelvey","75","Common","CM","England","Premier League","Nott'm Forest","--NA--","0","0","45","true","false","189165","false","true","CDM,CM","4000"
"Ejuke","75","Rare","LM","Nigeria","1A Pro League","Royal Antwerp FC","Min:600 Max:10000","0","533","7","false","false","238050","false","false","LM,LW","700"
"Aboukhlal","75","Rare","RW","Morocco","Ligue 1 Uber Eats","Toulouse FC","Min:600 Max:10000","0","533","7","false","false","248564","false","false","RM,RW,LW","700"
"Pogarch","75","Rare","LB","United States","NWSL","San Diego Wave","Min:600 Max:10000","0","533","7","false","false","267225","false","false","RB,LB,LWB","4800"
"Richter","75","Common","RM","Germany","Bundesliga","1. FSV Mainz 05","Min:300 Max:10000","0","266","7","false","false","238068","false","false","RM,CAM,RW","1400"
"João Moutinho","75","Common","CM","Portugal","Liga Portugal","SC Braga","Min:300 Max:10000","0","266","7","false","false","162347","false","false","CM,CAM","700"
"Kévin Rodrigues","75","Common","LB","Portugal","Trendyol Süper Lig","Adana Demirspor","Min:300 Max:10000","0","266","7","false","false","209289","false","false","LB,LWB","1200"
"Medina","75","CONMEBOL Libertadores","CM","Argentina","Libertadores","Boca Juniors","Min:600 Max:10000","0","0","7","true","false","261082","false","false","CM","650"
"Ito","75","Rare","CB","Japan","Bundesliga","VfB Stuttgart","Min:600 Max:10000","0","0","7","true","false","234205","false","false","CB,CDM","800"
"Piovi","75","CONMEBOL Libertadores","CB","Argentina","Libertadores","Racing Club","Min:600 Max:10000","0","0","7","true","false","219670","false","false","CB,LB","10000"
"Cesinha","75","Rare","ST","Brazil","K League 1","Daegu FC","Min:600 Max:10000","0","0","7","true","false","225733","false","false","CAM,CF,ST,LW","950"
"Koita","75","Rare","ST","Mali","Ö. Bundesliga","RB Salzburg","Min:600 Max:10000","0","0","7","true","false","246762","false","false","CAM,CF,ST","700"
"Wood","75","Common","ST","New Zealand","Premier League","Nott'm Forest","Min:300 Max:10000","0","0","7","true","false","192123","false","false","CF,ST","700"
"Fali","75","Common","CB","Spain","LALIGA EA SPORTS","Cádiz CF","Min:300 Max:10000","0","0","7","true","false","229628","false","false","CB,CDM","850"
"Jean","75","CONMEBOL Libertadores","GK","Brazil","Libertadores","Cerro Porteño","Min:600 Max:10000","0","0","7","true","false","234999","false","false","GK","2000"
"Murić","75","Rare","GK","Kosovo","Premier League","Burnley","Min:600 Max:10000","0","0","7","true","false","233164","false","false","GK","700"
"Johnston","75","Rare","RB","Canada","cinch Prem","Celtic","Min:600 Max:10000","0","0","7","true","false","256107","false","false","RWB,RB","700"
"Aarón","75","Common","LWB","Spain","Serie A TIM","Genoa","Min:300 Max:10000","0","0","7","true","false","236295","false","false","LB,LWB,LM","700"
"Rony Lopes","75","Common","RM","Portugal","Liga Portugal","SC Braga","Min:300 Max:10000","0","0","7","true","false","212692","false","false","RM,RW,ST","650"
"Pröpper","75","Common","CB","Netherlands","Eredivisie","FC Twente","Min:300 Max:10000","0","0","7","true","false","208462","false","false","CB","700"
"Lincoln","75","Common","CAM","Brazil","Trendyol Süper Lig","Fenerbahçe","Min:300 Max:10000","0","0","7","true","false","233585","false","false","LB,LM,CAM","650"
"Olsen","75","Common","GK","Sweden","Premier League","Aston Villa","Min:300 Max:10000","0","0","7","true","false","207557","false","false","GK","700"
"Diatta","75","Rare","RM","Senegal","Ligue 1 Uber Eats","AS Monaco","Min:600 Max:10000","0","0","7","true","false","238227","false","false","RM,RW","700"
"Rugani","75","Common","CB","Italy","Serie A TIM","Juventus","Min:300 Max:10000","0","0","7","true","false","211320","false","false","CB","700"
"Vandevoordt","75","Common","GK","Belgium","1A Pro League","KRC Genk","Min:300 Max:10000","0","0","7","true","false","242879","false","false","GK","650"
"Kübler","75","Common","RB","Germany","Bundesliga","SC Freiburg","Min:300 Max:10000","0","0","7","true","false","208335","false","false","RWB,RB,CB,RM","850"
"Cecilia Marcos","75","Common","RW","Spain","Liga F","Real Sociedad","Min:300 Max:10000","0","0","7","true","false","272200","false","false","RM,RW","850"
"Rosario","75","Common","CDM","Netherlands","Ligue 1 Uber Eats","OGC Nice","Min:300 Max:10000","0","0","7","true","false","235134","false","false","CB,CDM,CM","750"
"Calafiori","71","Rare","LB","Italy","Serie A TIM","Bologna","Min:250 Max:5100","0","0","7","true","false","50589359","false","false","CB,LB,LWB","800"
"Clarke-Salter","69","Common","CB","England","EFL Championship","QPR","Min:150 Max:10000","0","0","7","true","false","230774","false","false","CB","350"
"Dozzell","67","Common","CM","England","EFL Championship","QPR","--NA--","0","0","45","true","false","233276","false","true","CDM,CM","1300"
"Olliero","67","Common","GK","France","Ligue 1 Uber Eats","Stade de Reims","Min:150 Max:10000","0","0","7","true","false","231105","false","false","GK","1600"
"Casali","65","Common","GK","Austria","Bundesliga 2","Braunschweig","Min:150 Max:10000","0","0","7","true","false","222024","false","false","GK","600"
"Cocian","64","Rare","LM","Romania","SUPERLIGA","FC Voluntari","Min:150 Max:10000","0","0","7","true","false","257891","false","false","CM,LM,LW","500"
"De Neve","63","Common","RM","Belgium","1A Pro League","KV Kortrijk","--NA--","0","0","45","true","false","263654","false","true","LWB,RM,LM,RW","200"
"Röser","63","Common","ST","Germany","3. Liga","SSV Ulm 1846","Min:150 Max:10000","0","0","7","true","false","238694","false","false","CF,ST","200"
"Barrea","63","Common","ST","Argentina","LPF","Godoy Cruz","Min:150 Max:5100","0","0","7","true","false","50606218","false","false","CF,RW,ST","200"
"Mills","62","Rare","RW","England","EFL League One","Oxford United","Min:150 Max:10000","0","0","7","true","false","270676","false","false","RM,RW","900"
"Wilkinson","62","Rare","ST","Republic of Ireland","cinch Prem","Motherwell","Min:150 Max:10000","0","0","7","true","false","213120","false","false","RM,CF,ST","200"
"Nightingale","62","Common","CB","England","cinch Prem","Ross County","Min:150 Max:10000","0","0","7","true","false","221538","false","false","CB","200"
"Al Hamadi","62","Common","ST","Iraq","EFL League Two","AFC Wimbledon","Min:150 Max:10000","0","0","7","true","false","263376","false","false","CF,ST","200"
"MacDonald","62","Common","LWB","Scotland","EFL League Two","Mansfield Town","Min:150 Max:10000","0","0","7","true","false","235064","false","false","LB,LWB","200"
"Du Jia","61","Common","GK","China PR","CSL","Shanghai Port FC","--NA--","0","0","45","true","false","222621","false","true","GK","200"
"Tutyškinas","61","Common","LB","Lithuania","PKO BP Ekstraklasa","ŁKS Łódź","--NA--","0","0","45","true","false","276293","false","true","LB,LWB","200"
"Kvakić","61","Common","CB","Bosnia Herzegovina","SUPERLIGA","FCU 1948 Craiova","Min:150 Max:10000","0","0","7","true","false","276370","false","false","CB","-- NA --"
"Gilbert","60","Common","LM","Republic of Ireland","EFL Championship","Middlesbrough","--NA--","0","0","45","true","false","260402","false","true","RM,LM,LW","200"
"Quarshie","60","Common","CB","Germany","Bundesliga","TSG Hoffenheim","Min:150 Max:10000","0","0","7","true","false","272497","false","false","CB","700"
"Schulze","59","Common","GK","Germany","3. Liga","Hallescher FC","Min:150 Max:10000","0","0","7","true","false","257149","false","false","GK","200"
"Loftesnes-Bjune","58","Common","RB","Norway","Eliteserien","Sandefjord","Min:150 Max:10000","0","0","7","true","false","268401","false","false","RWB,RB","200"
"Marques","58","Common","CB","France","D1 Arkema","OL","Min:150 Max:10000","0","0","7","true","false","277145","false","false","CB","450"
"Schädlich","57","Common","RB","Germany","3. Liga","FC Erzgebirge Aue","--NA--","0","0","45","true","false","264400","false","true","RWB,RB","200"
"Miguel Muñoz","57","Common","CB","Spain","PKO BP Ekstraklasa","Piast Gliwice","Min:150 Max:10000","0","0","7","true","false","263207","false","false","CB","200"
"Jacob","56","Common","LB","England","EFL Championship","Hull City","Min:150 Max:10000","0","0","7","true","false","248692","false","false","LB,LWB","200"
"Richmond","55","Common","LM","United States","MLS","SJ Earthquakes","Min:150 Max:10000","0","0","7","true","false","266340","false","false","LM,LW","200"
"Benny","54","Common","CAM","India","ISL","Jamshedpur FC","Min:150 Max:5100","0","0","7","true","false","50603311","false","false","RM,LM,CAM","200"
"Milne","54","Common","CDM","Scotland","cinch Prem","Aberdeen","Min:150 Max:10000","0","0","7","true","false","267800","false","false","CB,CDM","200"
"Ali","53","Common","RW","India","ISL","Bengaluru FC","--NA--","0","0","45","true","false","270746","false","false","RM,RW,LW","10000"
"Orlikowski","53","Common","RB","Poland","PKO BP Ekstraklasa","Zagłębie Lubin","Min:150 Max:10000","0","0","7","true","false","277034","false","false","RWB,RB,CB","200"
"Al Alaeli","52","Rare","LB","Saudi Arabia","ROSHN Saudi League","Ettifaq FC","Min:150 Max:10000","0","0","7","true","false","277316","false","false","LB,LWB","900"
"Kim Ju Hyeong","51","Common","CB","Korea Republic","K League 1","Gangwon FC","Min:150 Max:10000","0","0","7","true","false","268084","false","false","CB","1000"